{
    "microservices": [
        {
            "name_microservice": "thingspeakREST",
            "key": "9FLWYVNZTOUBVZ5S",
            "url": "https://api.thingspeak.com/update",
            "url_channels_string": "https://api.thingspeak.com/channels",
            "url_channels": "https://api.thingspeak.com/channels.json",
            "url_feed": "https://api.thingspeak.com/channels/channel_id/feeds.json",
            "ip_address": "127.0.0.1",
            "ip_port": "8083"
        },
        {
            "name_microservice": "thingspeak",
            "key": "9FLWYVNZTOUBVZ5S",
            "url": "https://api.thingspeak.com/update",
            "url_channels": "https://api.thingspeak.com/channels.json",
            "broker": "test.mosquitto.org",
            "port": 1883,
            "topic": "relax_room_iot/resource/sensor_value/#"
        },
        {
            "name_microservice": "telegram",
            "telegramToken": "6748720691:AAE2aIXC6QcYFHREu96EDCCr80SiC2FI_3Q"
        },
        {
            "name_microservice": "control_temperature",
            "broker": "test.mosquitto.org",
            "port": 1883,
            "base_topic": "/microservice",
            "subscribe_topic": "relax_room_iot/resource/sensor_value/+/temperature/+",
            "publish_topic_post_processing": "relax_room_iot/microservice/mean_value/name_owner/temperature",
            "publish_topic_alert": "relax_room_iot/microservice/actuator/name_owner"
        },
        {
            "name_microservice": "control_humidity",
            "broker": "test.mosquitto.org",
            "port": 1883,
            "base_topic": "/microservice",
            "subscribe_topic": "relax_room_iot/resource/sensor_value/+/humidity/+",
            "publish_topic_post_processing": "relax_room_iot/microservice/mean_value/name_owner/humidity",
            "publish_topic_alert": "relax_room_iot/microservice/actuator/name_owner"
        },
        {
            "name_microservice": "control_fiscal_code",
            "broker": "test.mosquitto.org",
            "port": 1883,
            "base_topic": "/microservice",
            "subscribe_topic": "relax_room_iot/#",
            "publish_topic_alert": "relax_room_iot/microservice/actuator/safe_occupancy/name_owner"
        }
    ],
    "resource_catalogs": [
        {
            "name_resource_catalog": "catalog_resource.json",
            "broker": "test.mosquitto.org",
            "broker_port": 1883,
            "ip_address": "127.0.0.1",
            "ip_port": "8081",
            "base_topic": "/resource"
        }
    ],
    "ip_address": "127.0.0.1",
    "ip_port": 8080,
    "broker_port": 1883,
    "broker": "test.mosquitto.org",
    "base_topic": "relax_room_iot"
}