{"conf_file": 
    [
        {
            "sensor_id":"sensor_temperature",
            "sensor_type":["temperature"],
            "measure":["celsius"],
            "sensor_model":"DHT11"
        },
        {
            "sensor_id":"sensor_noise",
            "sensor_type":["noise"],
            "measure":["boolean"],
            "sensor_model":"Arceli"
        },
        {
            "sensor_id":"sensor_humidity",
            "sensor_type":["humidity"],
            "measure":["percentage"],
            "sensor_model":"DHT11"
        },
        {
            "sensor_id":"sensor_fiscal_code",
            "sensor_type":["fiscal_code"],
            "measure":["string"],
            "sensor_model":"dollatech"
        },
        {
            "sensor_id":"sensor_brightness",
            "sensor_type":["brightness"],
            "measure":["boolean"],
            "sensor_model":"dollatech"
        }
    ]
}